3,PKG-0523851215_JobSheet_143451-1.pdf
3,PKG-0523851215_JobSheet_143447-1.pdf
3,PKG-0523851215_JobSheet_143452-1.pdf
3,PKG-0523851215_JobSheet_143455-1.pdf
3,PKG-0523851215_JobSheet_143453-1.pdf
3,PKG-0523851215_JobSheet_143445-1.pdf
3,PKG-0523851215_JobSheet_143428-1.pdf
3,PKG-0523851215_JobSheet_143426-1.pdf
3,PKG-0523851215_JobSheet_143433-1.pdf
3,PKG-0523851215_JobSheet_143444-1.pdf
3,PKG-0523851215_JobSheet_143440-1.pdf
3,PKG-0523851215_JobSheet_143463-1.pdf
3,PKG-0523851215_JobSheet_143512-1.pdf
3,PKG-0523851215_JobSheet_143507-1.pdf
3,PKG-0523851215_JobSheet_143515-1.pdf
3,PKG-0523851215_JobSheet_143538-1.pdf
3,PKG-0523851215_JobSheet_143519-1.pdf
3,PKG-0523851215_JobSheet_143498-1.pdf
3,PKG-0523851215_JobSheet_143489-1.pdf
3,PKG-0523851215_JobSheet_143471-1.pdf
3,PKG-0523851215_JobSheet_143490-1.pdf
3,PKG-0523851215_JobSheet_143496-1.pdf
3,PKG-0523851215_JobSheet_143493-1.pdf
3,PKG-0523851215_JobSheet_143315-1.pdf
3,PKG-0523851215_JobSheet_143298-1.pdf
3,PKG-0523851215_JobSheet_143322-1.pdf
3,PKG-0523851215_JobSheet_143338-1.pdf
3,PKG-0523851215_JobSheet_143325-1.pdf
3,PKG-0523851215_JobSheet_143287-1.pdf
3,PKG-0523851215_JobSheet_143259-1.pdf
3,PKG-0523851215_JobSheet_143915-1.pdf
3,PKG-0523851215_JobSheet_143275-1.pdf
3,PKG-0523851215_JobSheet_143284-1.pdf
3,PKG-0523851215_JobSheet_143277-1.pdf
3,PKG-0523851215_JobSheet_143339-1.pdf
3,PKG-0523851215_JobSheet_143408-1.pdf
3,PKG-0523851215_JobSheet_143390-1.pdf
3,PKG-0523851215_JobSheet_143410-1.pdf
3,PKG-0523851215_JobSheet_143421-1.pdf
3,PKG-0523851215_JobSheet_143420-1.pdf
3,PKG-0523851215_JobSheet_143387-1.pdf
3,PKG-0523851215_JobSheet_143351-1.pdf
3,PKG-0523851215_JobSheet_143348-1.pdf
3,PKG-0523851215_JobSheet_143370-1.pdf
3,PKG-0523851215_JobSheet_143386-1.pdf
3,PKG-0523851215_JobSheet_143377-1.pdf
3,PKG-0523851215_JobSheet_143777-1.pdf
3,PKG-0523851215_JobSheet_143746-1.pdf
3,PKG-0523851215_JobSheet_143797-1.pdf
3,PKG-0523851215_JobSheet_143806-1.pdf
3,PKG-0523851215_JobSheet_143805-1.pdf
3,PKG-0523851215_JobSheet_143744-1.pdf
3,PKG-0523851215_JobSheet_143699-1.pdf
3,PKG-0523851215_JobSheet_143698-1.pdf
3,PKG-0523851215_JobSheet_143705-1.pdf
3,PKG-0523851215_JobSheet_143720-1.pdf
3,PKG-0523851215_JobSheet_143710-1.pdf
3,PKG-0523851215_JobSheet_143813-1.pdf
3,PKG-0523851215_JobSheet_143883-1.pdf
3,PKG-0523851215_JobSheet_143881-1.pdf
3,PKG-0523851215_JobSheet_143884-1.pdf
3,PKG-0523851215_JobSheet_143908-1.pdf
3,PKG-0523851215_JobSheet_143896-1.pdf
3,PKG-0523851215_JobSheet_143871-1.pdf
3,PKG-0523851215_JobSheet_143830-1.pdf
3,PKG-0523851215_JobSheet_143824-1.pdf
3,PKG-0523851215_JobSheet_143838-1.pdf
3,PKG-0523851215_JobSheet_143847-1.pdf
3,PKG-0523851215_JobSheet_143839-1.pdf
3,PKG-0523851215_JobSheet_143582-1.pdf
3,PKG-0523851215_JobSheet_143576-1.pdf
3,PKG-0523851215_JobSheet_143583-1.pdf
3,PKG-0523851215_JobSheet_143592-1.pdf
3,PKG-0523851215_JobSheet_143584-1.pdf
3,PKG-0523851215_JobSheet_143575-1.pdf
3,PKG-0523851215_JobSheet_143559-1.pdf
3,PKG-0523851215_JobSheet_143553-1.pdf
3,PKG-0523851215_JobSheet_143562-1.pdf
3,PKG-0523851215_JobSheet_143574-1.pdf
3,PKG-0523851215_JobSheet_143569-1.pdf
3,PKG-0523851215_JobSheet_143608-1.pdf
3,PKG-0523851215_JobSheet_143684-1.pdf
3,PKG-0523851215_JobSheet_143682-1.pdf
3,PKG-0523851215_JobSheet_143685-1.pdf
3,PKG-0523851215_JobSheet_143696-1.pdf
3,PKG-0523851215_JobSheet_143695-1.pdf
3,PKG-0523851215_JobSheet_143679-1.pdf
3,PKG-0523851215_JobPackageSheets.pdf
3,PKG-0523851215_JobSheet_143609-1.pdf
3,PKG-0523851215_JobSheet_143656-1.pdf
3,PKG-0523851215_JobSheet_143678-1.pdf
3,PKG-0523851215_JobSheet_143667-1.pdf
3,PKG-0523851215_JobSheet_143554-1.pdf
2,PKG-0523621215_JobSheet_143397-1.pdf
2,PKG-0523621215_JobSheet_143396-1.pdf
2,PKG-0523621215_JobSheet_143385-1.pdf
2,PKG-0523621215_JobSheet_143398-1.pdf
2,PKG-0523621215_JobSheet_143401-1.pdf
2,PKG-0523621215_JobSheet_143400-1.pdf
2,PKG-0523621215_JobSheet_143399-1.pdf
2,PKG-0523621215_JobSheet_143297-1.pdf
2,PKG-0523621215_JobSheet_143296-1.pdf
2,PKG-0523621215_JobSheet_143276-1.pdf
2,PKG-0523621215_JobSheet_143303-1.pdf
2,PKG-0523621215_JobSheet_143379-1.pdf
2,PKG-0523621215_JobSheet_143340-1.pdf
2,PKG-0523621215_JobSheet_143305-1.pdf
2,PKG-0523621215_JobSheet_143402-1.pdf
2,PKG-0523621215_JobSheet_143484-1.pdf
2,PKG-0523621215_JobSheet_143475-1.pdf
2,PKG-0523621215_JobSheet_143470-1.pdf
2,PKG-0523621215_JobSheet_143494-1.pdf
2,PKG-0523621215_JobSheet_143545-1.pdf
2,PKG-0523621215_JobSheet_143535-1.pdf
2,PKG-0523621215_JobSheet_143495-1.pdf
2,PKG-0523621215_JobSheet_143407-1.pdf
2,PKG-0523621215_JobSheet_143406-1.pdf
2,PKG-0523621215_JobSheet_143404-1.pdf
2,PKG-0523621215_JobSheet_143431-1.pdf
2,PKG-0523621215_JobSheet_143466-1.pdf
2,PKG-0523621215_JobSheet_143454-1.pdf
2,PKG-0523621215_JobSheet_143441-1.pdf
2,PKG-0523621215_JobSheet_143263-1.pdf
2,PKG-0523871215_JobSheet_143840-1.pdf
2,PKG-0523871215_JobSheet_143841-1.pdf
2,PKG-0523871215_JobSheet_143842-1.pdf
2,PKG-0523871215_JobSheet_143814-1.pdf
2,PKG-0523871215_JobSheet_143525-1.pdf
2,PKG-0523871215_JobSheet_143715-1.pdf
2,PKG-0523871215_JobSheet_143780-1.pdf
2,PKG-0524211215_JobSheet_143648-1.pdf
2,PKG-0524211215_JobSheet_143764-1.pdf
2,PKG-0524211215_JobSheet_143787-1.pdf
2,PKG-0524211215_JobSheet_143640-1.pdf
2,PKG-0523871215_JobSheet_143905-1.pdf
2,PKG-0524211215_JobPackageSheets.pdf
2,PKG-0524211215_JobSheet_143479-1.pdf
2,PKG-0523871215_JobPackageSheets.pdf
2,PKG-0523861215_JobSheet_143372-1.pdf
2,PKG-0523861215_JobSheet_143462-1.pdf
2,PKG-0523861215_JobSheet_143472-1.pdf
2,PKG-0523861215_JobPackageSheets.pdf
2,PKG-0525381215_JobSheet_144019-1.pdf
2,PKG-0525381215_JobSheet_144018-1.pdf
2,PKG-0523861215_JobSheet_143364-1.pdf
2,PKG-0523861215_JobSheet_143635-1.pdf
2,PKG-0523871215_JobSheet_143282-1.pdf
2,PKG-0523871215_JobSheet_143467-1.pdf
2,PKG-0523861215_JobSheet_143634-1.pdf
2,PKG-0523861215_JobSheet_143497-1.pdf
2,PKG-0523861215_JobSheet_143547-1.pdf
2,PKG-0523861215_JobSheet_143633-1.pdf
2,PKG-0523621215_JobSheet_143563-1.pdf
2,PKG-0525401215_JobSheet_144029-1.pdf
2,PKG-0525401215_JobSheet_144028-1.pdf
2,PKG-0525401215_JobSheet_144024-1.pdf
2,PKG-0525401215_JobSheet_144025-1.pdf
2,PKG-0525401215_JobSheet_144030-1.pdf
2,PKG-0525401215_JobSheet_144026-1.pdf
2,PKG-0525401215_JobSheet_144032-1.pdf
2,PKG-0523621215_JobSheet_143957-1.pdf
2,PKG-0523621215_JobSheet_143934-1.pdf
2,PKG-0523621215_JobSheet_143926-1.pdf
2,PKG-0523621215_JobSheet_143973-1.pdf
2,PKG-0525401215_JobPackageSheets.pdf
2,PKG-0523621215_JobSheet_144008-1.pdf
2,PKG-0523621215_JobSheet_143998-1.pdf
2,PKG-0525401215_JobSheet_144031-1.pdf
2,PKG-0525271215_JobPackageSheets.pdf
2,PKG-0525261215_JobSheet_144001-1.pdf
2,PKG-0525261215_JobSheet_143990-1.pdf
2,PKG-0525271215_JobSheet_143952-1.pdf
2,PKG-0523791215_JobSheet_143736-1.pdf
2,PKG-0525281215_JobSheet_144006-1.pdf
2,PKG-0525281215_JobPackageSheets.pdf
2,PKG-0525401215_JobSheet_144033-1.pdf
2,PKG-0525401215_JobSheet_144027-1.pdf
2,PKG-0525401215_JobSheet_144023-1.pdf
2,PKG-0525401215_JobSheet_144034-1.pdf
2,PKG-0525261215_JobSheet_143982-1.pdf
2,PKG-0525261215_JobPackageSheets.pdf
2,PKG-0525401215_JobSheet_144035-1.pdf
2,PKG-0523621215_JobSheet_143924-1.pdf
2,PKG-0523621215_JobSheet_143669-1.pdf
2,PKG-0523621215_JobPackageSheets.pdf
2,PKG-0523621215_JobSheet_143666-1.pdf
2,PKG-0523621215_JobSheet_143686-1.pdf
2,PKG-0523861215_JobSheet_143318-1.pdf
2,PKG-0523621215_JobSheet_143728-1.pdf
2,PKG-0523621215_JobSheet_143691-1.pdf
2,PKG-0523621215_JobSheet_143597-1.pdf
2,PKG-0523621215_JobSheet_143573-1.pdf
2,PKG-0523621215_JobSheet_143564-1.pdf
2,PKG-0523621215_JobSheet_143611-1.pdf
2,PKG-0523621215_JobSheet_143654-1.pdf
2,PKG-0523621215_JobSheet_143649-1.pdf
2,PKG-0523621215_JobSheet_143619-1.pdf
2,PKG-0523621215_JobSheet_143740-1.pdf
2,PKG-0523621215_JobSheet_143901-1.pdf
2,PKG-0523621215_JobSheet_143828-1.pdf
2,PKG-0523621215_JobSheet_143812-1.pdf
2,PKG-0523621215_JobSheet_143912-1.pdf
2,PKG-0523621215_JobSheet_143918-1.pdf
2,PKG-0523621215_JobSheet_143917-1.pdf
2,PKG-0523621215_JobSheet_143916-1.pdf
2,PKG-0523621215_JobSheet_143762-1.pdf
2,PKG-0523621215_JobSheet_143752-1.pdf
2,PKG-0523621215_JobSheet_143750-1.pdf
2,PKG-0523621215_JobSheet_143765-1.pdf
2,PKG-0523621215_JobSheet_143809-1.pdf
2,PKG-0523621215_JobSheet_143772-1.pdf
2,PKG-0523621215_JobSheet_143770-1.pdf
2,PKG-0523751215_JobSheet_143371-1.pdf
2,PKG-0525221215_JobSheet_143930-1.pdf
2,PKG-0525221215_JobSheet_143931-1.pdf
2,PKG-0525221215_JobSheet_143970-1.pdf
2,PKG-0525221215_JobPackageSheets.pdf
2,PKG-0525201215_JobPackageSheets.pdf
2,PKG-0525201215_JobSheet_144014-1.pdf
2,PKG-0525221215_JobSheet_143929-1.pdf
2,PKG-0525221215_JobSheet_144007-1.pdf
2,PKG-0525361215_JobPackageSheets.pdf
2,PKG-0525361215_JobSheet_143922-1.pdf
2,PKG-0525361215_JobSheet_143958-1.pdf
2,PKG-0525171215_JobSheet_144004-1.pdf
2,PKG-0525221215_JobSheet_144010-1.pdf
2,PKG-0525221215_JobSheet_144013-1.pdf
2,PKG-0525171215_JobPackageSheets.pdf
2,PKG-0525131215_JobPackageSheets.pdf
2,PKG-0525131215_JobSheet_144003-1.pdf
2,PKG-0525141215_JobPackageSheets.pdf
2,PKG-0525191215_JobSheet_143980-1.pdf
2,PKG-0525011215_JobSheet_143874-1.pdf
2,PKG-0525191215_JobPackageSheets.pdf
2,PKG-0525191215_JobSheet_143985-1.pdf
2,PKG-0525141215_JobSheet_143927-1.pdf
2,PKG-0525161215_JobSheet_143949-1.pdf
2,PKG-0525161215_JobSheet_143951-1.pdf
2,PKG-0525161215_JobSheet_143962-1.pdf
2,PKG-0525161215_JobPackageSheets.pdf
2,PKG-0525141215_JobSheet_143945-1.pdf
2,PKG-0525231215_JobPackageSheets.pdf
2,PKG-0525231215_JobSheet_143988-1.pdf
2,PKG-0525391215_JobSheet_143989-1.pdf
2,PKG-0525391215_JobSheet_143995-1.pdf
2,PKG-0525391215_JobSheet_143999-1.pdf
2,PKG-0525391215_JobSheet_143972-1.pdf
2,PKG-0525371215_JobSheet_144012-1.pdf
2,PKG-0525391215_JobPackageSheets.pdf
2,PKG-0525391215_JobSheet_143956-1.pdf
2,PKG-0525391215_JobSheet_144005-1.pdf
2,PKG-0525381215_JobSheet_143968-1.pdf
2,PKG-0525381215_JobSheet_143971-1.pdf
2,PKG-0525381215_JobSheet_143969-1.pdf
2,PKG-0525381215_JobSheet_143963-1.pdf
2,PKG-0525381215_JobSheet_143941-1.pdf
2,PKG-0525381215_JobSheet_143959-1.pdf
2,PKG-0525381215_JobPackageSheets.pdf
2,PKG-0525181215_JobSheet_143979-1.pdf
2,PKG-0525181215_JobSheet_143981-1.pdf
2,PKG-0525181215_JobSheet_143984-1.pdf
2,PKG-0525181215_JobPackageSheets.pdf
2,PKG-0525361215_JobSheet_143966-1.pdf
2,PKG-0525361215_JobSheet_143967-1.pdf
2,PKG-0525361215_JobSheet_143974-1.pdf
2,PKG-0525181215_JobSheet_144002-1.pdf
2,PKG-0525151215_JobPackageSheets.pdf
2,PKG-0525151215_JobSheet_143964-1.pdf
2,PKG-0525371215_JobPackageSheets.pdf
2,PKG-0525211215_JobSheet_143994-1.pdf
2,PKG-0525211215_JobPackageSheets.pdf
2,PKG-0525211215_JobSheet_143977-1.pdf
2,PKG-0525211215_JobSheet_143986-1.pdf
2,PKG-0523761215_JobPackageSheets.pdf
2,PKG-0523761215_JobSheet_143330-1.pdf
2,PKG-0523761215_JobSheet_143369-1.pdf
2,PKG-0523751215_JobSheet_143859-1.pdf
2,PKG-0523751215_JobSheet_143831-1.pdf
2,PKG-0523751215_JobSheet_143848-1.pdf
2,PKG-0523751215_JobSheet_143849-1.pdf
2,PKG-0523761215_JobSheet_143542-1.pdf
2,PKG-0523771215_JobSheet_143328-1.pdf
2,PKG-0523771215_JobSheet_143687-1.pdf
2,PKG-0523771215_JobSheet_143801-1.pdf
2,PKG-0523771215_JobPackageSheets.pdf
2,PKG-0523761215_JobSheet_143568-1.pdf
2,PKG-0523761215_JobSheet_143598-1.pdf
2,PKG-0523761215_JobSheet_143893-1.pdf
2,PKG-0523751215_JobSheet_143513-1.pdf
2,PKG-0523751215_JobSheet_143514-1.pdf
2,PKG-0523751215_JobSheet_143527-1.pdf
2,PKG-0523751215_JobSheet_143501-1.pdf
2,PKG-0523751215_JobSheet_143418-1.pdf
2,PKG-0523751215_JobSheet_143459-1.pdf
2,PKG-0523751215_JobSheet_143461-1.pdf
2,PKG-0523751215_JobSheet_143534-1.pdf
2,PKG-0523751215_JobSheet_143704-1.pdf
2,PKG-0523751215_JobSheet_143730-1.pdf
2,PKG-0523751215_JobSheet_143753-1.pdf
2,PKG-0523751215_JobSheet_143668-1.pdf
2,PKG-0523751215_JobPackageSheets.pdf
2,PKG-0523751215_JobSheet_143548-1.pdf
2,PKG-0523751215_JobSheet_143620-1.pdf
2,PKG-0523801215_JobSheet_143531-1.pdf
2,PKG-0523801215_JobSheet_143532-1.pdf
2,PKG-0523801215_JobSheet_143536-1.pdf
2,PKG-0523801215_JobSheet_143403-1.pdf
2,PKG-0525381215_JobSheet_144000-1.pdf
2,PKG-0523801215_JobPackageSheets.pdf
2,PKG-0523801215_JobSheet_143350-1.pdf
2,PKG-0523811215_JobPackageSheets.pdf
2,PKG-0524021215_JobSheet_143469-1.pdf
2,PKG-0524021215_JobSheet_143473-1.pdf
2,PKG-0525011215_JobPackageSheets.pdf
2,PKG-0524021215_JobSheet_143411-1.pdf
2,PKG-0523811215_JobSheet_143327-1.pdf
2,PKG-0524021215_JobPackageSheets.pdf
2,PKG-0524021215_JobSheet_143389-1.pdf
2,PKG-0523781215_JobSheet_143557-1.pdf
2,PKG-0523781215_JobSheet_143621-1.pdf
2,PKG-0523781215_JobSheet_143628-1.pdf
2,PKG-0523781215_JobSheet_143434-1.pdf
2,PKG-0523781215_JobSheet_143283-1.pdf
2,PKG-0523781215_JobPackageSheets.pdf
2,PKG-0523781215_JobSheet_143341-1.pdf
2,PKG-0523781215_JobSheet_143866-1.pdf
2,PKG-0523791215_JobSheet_143487-1.pdf
2,PKG-0523791215_JobSheet_143604-1.pdf
2,PKG-0523791215_JobSheet_143639-1.pdf
2,PKG-0523791215_JobSheet_143482-1.pdf
2,PKG-0523781215_JobSheet_143869-1.pdf
2,PKG-0523791215_JobPackageSheets.pdf
2,PKG-0523791215_JobSheet_143299-1.pdf
2,PKG-0523861215_JobSheet_143265-1.pdf
2,PKG-0525101215_JobPackageSheets.pdf
2,PKG-0525101215_JobSheet_143781-1.pdf
2,PKG-0525101215_JobSheet_143786-1.pdf
2,PKG-0525041215_JobSheet_143766-1.pdf
2,PKG-0525031215_JobPackageSheets.pdf
2,PKG-0525031215_JobSheet_143717-1.pdf
2,PKG-0525041215_JobPackageSheets.pdf
2,PKG-0525101215_JobSheet_143853-1.pdf
2,PKG-0525121215_JobSheet_143665-1.pdf
2,PKG-0525121215_JobSheet_143727-1.pdf
2,PKG-0525121215_JobSheet_143826-1.pdf
2,PKG-0525121215_JobPackageSheets.pdf
2,PKG-0525101215_JobSheet_143860-1.pdf
2,PKG-0525061215_JobPackageSheets.pdf
2,PKG-0525061215_JobSheet_143867-1.pdf
2,PKG-0524991215_JobSheet_143718-1.pdf
2,PKG-0524991215_JobSheet_143894-1.pdf
2,PKG-0524991215_JobSheet_143906-1.pdf
2,PKG-0524991215_JobPackageSheets.pdf
2,PKG-0524901215_JobSheet_143850-1.pdf
2,PKG-0524901215_JobSheet_143902-1.pdf
2,PKG-0524901215_JobSheet_143909-1.pdf
2,PKG-0524971215_JobPackageSheets.pdf
2,PKG-0525081215_JobSheet_143660-1.pdf
2,PKG-0525081215_JobSheet_143873-1.pdf
2,PKG-0525081215_JobSheet_143919-1.pdf
2,PKG-0525081215_JobPackageSheets.pdf
2,PKG-0524971215_JobSheet_143792-1.pdf
2,PKG-0525051215_JobPackageSheets.pdf
2,PKG-0525051215_JobSheet_143864-1.pdf
2,PKG-0524981215_JobSheet_143907-1.pdf
2,PKG-0524981215_JobSheet_143911-1.pdf
2,PKG-0525111215_JobSheet_143703-1.pdf
2,PKG-0524981215_JobSheet_143892-1.pdf
2,PKG-0524981215_JobSheet_143825-1.pdf
2,PKG-0524981215_JobSheet_143845-1.pdf
2,PKG-0524981215_JobSheet_143887-1.pdf
2,PKG-0525111215_JobSheet_143661-1.pdf
2,PKG-0525111215_JobSheet_143817-1.pdf
2,PKG-0525111215_JobSheet_143818-1.pdf
2,PKG-0525111215_JobSheet_143865-1.pdf
2,PKG-0525111215_JobSheet_143743-1.pdf
2,PKG-0525111215_JobPackageSheets.pdf
2,PKG-0525111215_JobSheet_143716-1.pdf
2,PKG-0525111215_JobSheet_143754-1.pdf
2,PKG-0524981215_JobSheet_143689-1.pdf
2,PKG-0524981215_JobSheet_143690-1.pdf
2,PKG-0524981215_JobSheet_143694-1.pdf
2,PKG-0524981215_JobSheet_143688-1.pdf
2,PKG-0525121215_JobSheet_143843-1.pdf
2,PKG-0525121215_JobSheet_143844-1.pdf
2,PKG-0524981215_JobSheet_143670-1.pdf
2,PKG-0524981215_JobSheet_143742-1.pdf
2,PKG-0524981215_JobSheet_143794-1.pdf
2,PKG-0524981215_JobSheet_143802-1.pdf
2,PKG-0524981215_JobSheet_143820-1.pdf
2,PKG-0524981215_JobPackageSheets.pdf
2,PKG-0524981215_JobSheet_143767-1.pdf
2,PKG-0524981215_JobSheet_143778-1.pdf
2,PKG-0524981215_JobSheet_143779-1.pdf
2,PKG-0524801215_JobSheet_143889-1.pdf
2,PKG-0524801215_JobSheet_143890-1.pdf
2,PKG-0524801215_JobSheet_143891-1.pdf
2,PKG-0524801215_JobSheet_143888-1.pdf
2,PKG-0524841215_JobPackageSheets.pdf
2,PKG-0524841215_JobSheet_143697-1.pdf
2,PKG-0524801215_JobPackageSheets.pdf
2,PKG-0524951215_JobPackageSheets.pdf
2,PKG-0524761215_JobSheet_143856-1.pdf
2,PKG-0524761215_JobSheet_143857-1.pdf
2,PKG-0524851215_JobPackageSheets.pdf
2,PKG-0524761215_JobSheet_143855-1.pdf
2,PKG-0524951215_JobSheet_143827-1.pdf
2,PKG-0524761215_JobPackageSheets.pdf
2,PKG-0524761215_JobSheet_143854-1.pdf
2,PKG-0524811215_JobSheet_143835-1.pdf
2,PKG-0524861215_JobPackageSheets.pdf
2,PKG-0524861215_JobSheet_143863-1.pdf
2,PKG-0524811215_JobSheet_143757-1.pdf
2,PKG-0524911215_JobSheet_143851-1.pdf
2,PKG-0524911215_JobSheet_143910-1.pdf
2,PKG-0524811215_JobPackageSheets.pdf
2,PKG-0524771215_JobPackageSheets.pdf
2,PKG-0524791215_JobSheet_143816-1.pdf
2,PKG-0524831215_JobPackageSheets.pdf
2,PKG-0524831215_JobSheet_143858-1.pdf
2,PKG-0524791215_JobSheet_143708-1.pdf
2,PKG-0524771215_JobSheet_143773-1.pdf
2,PKG-0524791215_JobPackageSheets.pdf
2,PKG-0524791215_JobSheet_143707-1.pdf
2,PKG-0524821215_JobSheet_143735-1.pdf
2,PKG-0524821215_JobSheet_143745-1.pdf
2,PKG-0524821215_JobSheet_143819-1.pdf
2,PKG-0524821215_JobSheet_143675-1.pdf
2,PKG-0524871215_JobSheet_143711-1.pdf
2,PKG-0524871215_JobSheet_143885-1.pdf
2,PKG-0524821215_JobPackageSheets.pdf
2,PKG-0524931215_JobPackageSheets.pdf
2,PKG-0524901215_JobSheet_143676-1.pdf
2,PKG-0524901215_JobSheet_143677-1.pdf
2,PKG-0524901215_JobSheet_143714-1.pdf
2,PKG-0524901215_JobPackageSheets.pdf
2,PKG-0524931215_JobSheet_143749-1.pdf
2,PKG-0524961215_JobPackageSheets.pdf
2,PKG-0524961215_JobSheet_143870-1.pdf
2,PKG-0524891215_JobSheet_143804-1.pdf
2,PKG-0524891215_JobSheet_143833-1.pdf
2,PKG-0524921215_JobPackageSheets.pdf
2,PKG-0524891215_JobPackageSheets.pdf
2,PKG-0524851215_JobSheet_143798-1.pdf
2,PKG-0524781215_JobPackageSheets.pdf
2,PKG-0524781215_JobSheet_143832-1.pdf
2,PKG-0524921215_JobSheet_143879-1.pdf
2,PKG-0524881215_JobSheet_143803-1.pdf
2,PKG-0524881215_JobSheet_143872-1.pdf
2,PKG-0524871215_JobPackageSheets.pdf
2,PKG-0524881215_JobSheet_143768-1.pdf
2,PKG-0524881215_JobPackageSheets.pdf
2,PKG-0524881215_JobSheet_143748-1.pdf
2,PKG-0524881215_JobSheet_143758-1.pdf
2,PKG-0523831215_JobSheet_143641-1.pdf
2,PKG-0523831215_JobSheet_143664-1.pdf
2,PKG-0523831215_JobSheet_143680-1.pdf
2,PKG-0523831215_JobSheet_143615-1.pdf
2,PKG-0523831215_JobSheet_143537-1.pdf
2,PKG-0523831215_JobSheet_143591-1.pdf
2,PKG-0523831215_JobSheet_143596-1.pdf
2,PKG-0523831215_JobSheet_143702-1.pdf
2,PKG-0523831215_JobSheet_143722-1.pdf
2,PKG-0523831215_JobSheet_143723-1.pdf
2,PKG-0523831215_JobSheet_143724-1.pdf
2,PKG-0523831215_JobPackageSheets.pdf
2,PKG-0523831215_JobSheet_143706-1.pdf
2,PKG-0523831215_JobSheet_143713-1.pdf
2,PKG-0523831215_JobSheet_143721-1.pdf
2,PKG-0523831215_JobSheet_143360-1.pdf
2,PKG-0523831215_JobSheet_143362-1.pdf
2,PKG-0523831215_JobSheet_143380-1.pdf
2,PKG-0523831215_JobSheet_143359-1.pdf
2,PKG-0523831215_JobSheet_143342-1.pdf
2,PKG-0523831215_JobSheet_143357-1.pdf
2,PKG-0523831215_JobSheet_143358-1.pdf
2,PKG-0523831215_JobSheet_143393-1.pdf
2,PKG-0523831215_JobSheet_143478-1.pdf
2,PKG-0523831215_JobSheet_143481-1.pdf
2,PKG-0523831215_JobSheet_143506-1.pdf
2,PKG-0523831215_JobSheet_143476-1.pdf
2,PKG-0523831215_JobSheet_143409-1.pdf
2,PKG-0523831215_JobSheet_143419-1.pdf
2,PKG-0523831215_JobSheet_143474-1.pdf
2,PKG-0523841215_JobSheet_143442-1.pdf
2,PKG-0523841215_JobPackageSheets.pdf
2,PKG-0523841215_JobSheet_143504-1.pdf
2,PKG-0523841215_JobSheet_143320-1.pdf
2,PKG-0523831215_JobSheet_143876-1.pdf
2,PKG-0523831215_JobSheet_143877-1.pdf
2,PKG-0523831215_JobSheet_143899-1.pdf
2,PKG-0523841215_JobSheet_143577-1.pdf
2,PKG-0523841215_JobSheet_143799-1.pdf
2,PKG-0523841215_JobSheet_143898-1.pdf
2,PKG-0524911215_JobPackageSheets.pdf
2,PKG-0523841215_JobSheet_143771-1.pdf
2,PKG-0523841215_JobSheet_143578-1.pdf
2,PKG-0523841215_JobSheet_143607-1.pdf
2,PKG-0523841215_JobSheet_143719-1.pdf
2,PKG-0523831215_JobSheet_143788-1.pdf
2,PKG-0523831215_JobSheet_143789-1.pdf
2,PKG-0523831215_JobSheet_143790-1.pdf
2,PKG-0523831215_JobSheet_143755-1.pdf
2,PKG-0523831215_JobSheet_143725-1.pdf
2,PKG-0523831215_JobSheet_143726-1.pdf
2,PKG-0523831215_JobSheet_143751-1.pdf
2,PKG-0523831215_JobSheet_143791-1.pdf
2,PKG-0523831215_JobSheet_143823-1.pdf
2,PKG-0523831215_JobSheet_143834-1.pdf
2,PKG-0523831215_JobSheet_143868-1.pdf
2,PKG-0523831215_JobSheet_143822-1.pdf
2,PKG-0523831215_JobSheet_143800-1.pdf
2,PKG-0523831215_JobSheet_143807-1.pdf
2,PKG-0523831215_JobSheet_143821-1.pdf
2,PKG-0525091215_JobSheet_143774-1.pdf
2,PKG-0525091215_JobSheet_143776-1.pdf
2,PKG-0525091215_JobSheet_143795-1.pdf
2,PKG-0525091215_JobSheet_143769-1.pdf
2,PKG-0525091215_JobSheet_143761-1.pdf
2,PKG-0525091215_JobPackageSheets.pdf
2,PKG-0525091215_JobSheet_143763-1.pdf
2,PKG-0525091215_JobSheet_143810-1.pdf
2,PKG-0525091215_JobSheet_143895-1.pdf
2,PKG-0525071215_JobSheet_143662-1.pdf
2,PKG-0525071215_JobSheet_143663-1.pdf
2,PKG-0525091215_JobSheet_143846-1.pdf
2,PKG-0525091215_JobSheet_143829-1.pdf
2,PKG-0525091215_JobSheet_143836-1.pdf
2,PKG-0525091215_JobSheet_143837-1.pdf
2,PKG-0525091215_JobSheet_143674-1.pdf
2,PKG-0525091215_JobSheet_143681-1.pdf
2,PKG-0525091215_JobSheet_143683-1.pdf
2,PKG-0525091215_JobSheet_143673-1.pdf
2,PKG-0525111215_JobSheet_143875-1.pdf
2,PKG-0525091215_JobSheet_143671-1.pdf
2,PKG-0525091215_JobSheet_143672-1.pdf
2,PKG-0525091215_JobSheet_143700-1.pdf
2,PKG-0525091215_JobSheet_143739-1.pdf
2,PKG-0525091215_JobSheet_143741-1.pdf
2,PKG-0525091215_JobSheet_143760-1.pdf
2,PKG-0525091215_JobSheet_143737-1.pdf
2,PKG-0525091215_JobSheet_143701-1.pdf
2,PKG-0525091215_JobSheet_143709-1.pdf
2,PKG-0525091215_JobSheet_143732-1.pdf
2,PKG-0525071215_JobSheet_143900-1.pdf
2,PKG-0525071215_JobSheet_143904-1.pdf
2,PKG-0525071215_JobSheet_143913-1.pdf
2,PKG-0525071215_JobSheet_143897-1.pdf
2,PKG-0525071215_JobSheet_143880-1.pdf
2,PKG-0525071215_JobSheet_143882-1.pdf
2,PKG-0525071215_JobSheet_143886-1.pdf
2,PKG-0525071215_JobSheet_143921-1.pdf
2,PKG-0523831215_JobSheet_143295-1.pdf
2,PKG-0523831215_JobSheet_143319-1.pdf
2,PKG-0523831215_JobSheet_143324-1.pdf
2,PKG-0523831215_JobSheet_143274-1.pdf
2,PKG-0523831215_JobSheet_143260-1.pdf
2,PKG-0523831215_JobSheet_143261-1.pdf
2,PKG-0523831215_JobSheet_143264-1.pdf
2,PKG-0525071215_JobSheet_143759-1.pdf
2,PKG-0525071215_JobSheet_143775-1.pdf
2,PKG-0525071215_JobSheet_143785-1.pdf
2,PKG-0525071215_JobSheet_143756-1.pdf
2,PKG-0525071215_JobSheet_143692-1.pdf
2,PKG-0525071215_JobSheet_143712-1.pdf
2,PKG-0525071215_JobSheet_143729-1.pdf
2,PKG-0525071215_JobSheet_143808-1.pdf
2,PKG-0525071215_JobPackageSheets.pdf
2,PKG-0525071215_JobSheet_143862-1.pdf
2,PKG-0525071215_JobSheet_143878-1.pdf
2,PKG-0525071215_JobSheet_143861-1.pdf
2,PKG-0525071215_JobSheet_143811-1.pdf
2,PKG-0525071215_JobSheet_143815-1.pdf
2,PKG-0525071215_JobSheet_143852-1.pdf
